Time,node10,node16,node17,node18,node19,node20,node21,node22,node23,node24,node25,node26,node27,node28,node29,node33,node34,node35,node36
0,10.0,10.0,10.0,10.0,10.0,10.0,10,10,8.0,2.0,10,10,10,8.0,10,10.0,10.0,7.0,10.0
1,10,10.0,10.0,10.0,7.0,9.0,10,10,7.0,2.0,10,10,10,8.0,10,10.0,10.0,5.0,9.0
2,10,10.0,10.0,10.0,7.0,9.0,10.0,10,8.0,2.0,9.0,10,10,8.0,10,10.0,10,3.0,10.0
3,10,10.0,10.0,10.0,5.0,9.0,10.0,10,8.0,2.0,9.0,10,10,10.0,10,9.0,10,3.0,10.0
4,10.0,10.0,10.0,10.0,3.0,9.0,10,10,6.0,2.0,8.0,10,10,8.0,10,8.0,10,4.0,9.0
5,10,10.0,10.0,10.0,5.0,9.0,10,10,9.0,3.0,10,10,10,9.0,10,8.0,9.0,3.0,8.0
6,10,10.0,10.0,10.0,9.0,8.0,10,10,9.0,3.0,10,10,10,9.0,10,10.0,10.0,1.0,7.0
7,10,10.0,10.0,10.0,10.0,10.0,10,10,10.0,5.0,10.0,10,10,9.0,10,9.0,8.0,1.0,7.0
8,10,10.0,10.0,10.0,10.0,10.0,10,10,9.0,8.0,10,10,10,10,10,9.0,6.0,3.0,8.0
9,10,10.0,10.0,10.0,10.0,10.0,10,10,10,5.0,10,10,10,10,10,10.0,9.0,2.0,4.0
10,10,10.0,10.0,10.0,10.0,10.0,10,10,10.0,10.0,10,10,10,10,10,10,10.0,1.0,5.0
11,10,10.0,10.0,10.0,10.0,10,10,10,10,10.0,10.0,10,10,10,10,10.0,10.0,5.0,7.0
12,10,10.0,10.0,10.0,10.0,10,10,10,10,10.0,10,10,10,10,10,10.0,7.0,1.0,7.0
13,10,10.0,10.0,10.0,8.0,10.0,10,10,10,4.0,10,10,10,10,10,9.0,10.0,0.0,6.0
14,10,10.0,10.0,10.0,9.0,10,10,10,10.0,5.0,10,10,10,10.0,10,10.0,10,1.0,8.0
15,10,10.0,10.0,10.0,6.0,10,10,10,8.0,3.0,10,10,10,10.0,10,10.0,10.0,1.0,7.0
16,10,10.0,10.0,10.0,1.0,10.0,10,10,10.0,3.0,10.0,10,10,10,10,10.0,10.0,1.0,5.0
17,10,10.0,10.0,10.0,8.0,10,10,10,9.0,4.0,10,10,10,10.0,10,10.0,10,1.0,5.0
18,10,10.0,10.0,10.0,6.0,10.0,10,10,8.0,4.0,10,10,10,9.0,10,9.0,10.0,2.0,6.0
19,10,10.0,10.0,10.0,10.0,9.0,10,10,9.0,5.0,10,10,10,10,10,10.0,10,2.0,5.0
20,10,10.0,10.0,8.0,3.0,10.0,10,10,10.0,6.0,10.0,10,10,10,10,10.0,10.0,1.0,5.0
21,10,10.0,10.0,8.0,1.0,10.0,10.0,10,8.0,4.0,10.0,10,10,10,10,9.0,9.0,1.0,4.0
22,10,10.0,10.0,9.0,2.0,10.0,10,10,8.0,3.0,8.0,10,10,10.0,10,10.0,10.0,2.0,5.0
23,10.0,10.0,10.0,10.0,4.0,9.0,10.0,10,9.0,3.0,7.0,10,10,10.0,10,10.0,10,2.0,4.0
24,10.0,10.0,10.0,10.0,10.0,10.0,10.0,10,10.0,2.0,8.0,10,10,10,10,10,10,2.0,3.0
25,9.0,10.0,10.0,10.0,8.0,8.0,9.0,10,8.0,1.0,9.0,10,10,10.0,10,10,10,2.0,7.0
26,10.0,10.0,10.0,10.0,10.0,9.0,9.0,10,10.0,2.0,8.0,10,10,10.0,10,10,10,0.0,6.0
27,10,10.0,10.0,10.0,10.0,10.0,10.0,10,10,3.0,9.0,10,10,10,10,10.0,10,0.0,8.0
28,10,10.0,10.0,10.0,10.0,10.0,10,10,10,7.0,9.0,10,10,10,10,9.0,10,0.0,8.0
29,10,10.0,10.0,10.0,10.0,10.0,10,10,10.0,4.0,10,10,10,10,10,10.0,10,1.0,7.0
30,9.0,10.0,10.0,10.0,10.0,10.0,10,10,10,8.0,10,10,10,10,10,10.0,10,2.0,7.0
31,10.0,10.0,10.0,10.0,10.0,10.0,10,10,10,9.0,10.0,10,10,10,10,10,10,2.0,7.0
32,10.0,10.0,10.0,10.0,10.0,10.0,10,10,10,9.0,9.0,10,10,10,10,10,10,2.0,8.0
33,10,10.0,10.0,10.0,10.0,9.0,10,10,10.0,5.0,9.0,10,10,10,10,10,10,2.0,8.0
34,10,10.0,10.0,10.0,10.0,10,10,10,10.0,10.0,10,10,10,10.0,10,10,10,2.0,6.0
35,10,10.0,10.0,10.0,10.0,10,10,10,10.0,10.0,10.0,10,10,10,10,10,10,6.0,7.0
36,10,10.0,10.0,10.0,10.0,10,10,10,9.0,10.0,9.0,10,10,10,10,10,10,4.0,7.0
37,10,10.0,10.0,10.0,10.0,8.0,10,10,10.0,10.0,10,10,10,10,10,10,10,5.0,7.0
38,10,10.0,10.0,10.0,10.0,10,10,10,10,10.0,10,10,10,10,10.0,10,10,5.0,7.0
39,10.0,10.0,10.0,10.0,10.0,10.0,10,10,10,8.0,10,10,10,10.0,10,10,10,3.0,7.0
40,8.0,10.0,10.0,10.0,10.0,10.0,10,10,10,10.0,10,10,10,9.0,10,10,10,7.0,7.0
41,10.0,10.0,10.0,10.0,10.0,10.0,10,10,10,10.0,10,10,10,10.0,10,10,10,5.0,7.0
42,10.0,10.0,10.0,10.0,10.0,10.0,10,10,10,10.0,10,10,10,10,10,10,10,6.0,7.0
43,10.0,10.0,10.0,10.0,10.0,10.0,10,10,10,8.0,10,10,10,10.0,10,10,10,4.0,7.0
44,10.0,10.0,10.0,10.0,10.0,10,10.0,10,10,10.0,10,10,10,10.0,10,10,10,3.0,7.0
45,10,10.0,10.0,10.0,10.0,10.0,10.0,10,10,10.0,10,10,10,10,10,10,10,10.0,8.0
46,10.0,10.0,10.0,10.0,10.0,10.0,9.0,10,10,8.0,10.0,10,10,10,10.0,10,10,4.0,9.0
47,10,10.0,10.0,10.0,10.0,10.0,10.0,10,10,10.0,9.0,10,10,10,9.0,10,10,6.0,9.0
48,10,10.0,10.0,10.0,10.0,10.0,10.0,10,10,10.0,10,10,10,10,10.0,10,10,9.0,9.0
49,10.0,10.0,10.0,10.0,10.0,10.0,10.0,10,10,10.0,10,10,10,10,10,10,10,8.0,8.0
50,10.0,10.0,10.0,10.0,10.0,10.0,10.0,10,10,9.0,10,10,10,10,10,10,10,5.0,8.0
51,10.0,10.0,10.0,10.0,10.0,10.0,10.0,10,10,10.0,10,10,10,10,10,10,10,9.0,8.0
52,8.0,10.0,10.0,10.0,10.0,10.0,10.0,10,10,10.0,10,10,10,10,10,10,10,10.0,9.0
53,10.0,10.0,10.0,10.0,10.0,10.0,10.0,10,10,10.0,10,10,10,10,10,10,10,7.0,8.0
54,10.0,10.0,10.0,10.0,10.0,10.0,10.0,10,10.0,10.0,10,10,10,10,10,10,10,10.0,9.0
55,10.0,10.0,10.0,10.0,10.0,10.0,10.0,10,9.0,10.0,10.0,10,10,10,10,10,10,8.0,8.0
56,10,10.0,10.0,10.0,10.0,10.0,10.0,10,10.0,8.0,10.0,10,10,10,10,10,10,4.0,7.0
57,10,10.0,10.0,10.0,10.0,10.0,10.0,10,10.0,10.0,10,10,10,10,10,10,10,10.0,8.0
58,10.0,10.0,10.0,10.0,10.0,9.0,10.0,10,10.0,10.0,10,10,10,10,10,10,10,3.0,8.0
59,10,10.0,10.0,10.0,10.0,10.0,9.0,10,8.0,8.0,10.0,10,10,10,10,10,10,5.0,7.0
60,10,10.0,10.0,10.0,10.0,10.0,10.0,10,10.0,10.0,10.0,10,10,10,10,10,10,9.0,7.0
61,10,10.0,10.0,10.0,10.0,10.0,10,10,10.0,10.0,10.0,10,10,10.0,10,10,10,6.0,8.0
62,10,10.0,10.0,10.0,10.0,10.0,10,10,10.0,5.0,9.0,10,10,10,10,10,10,6.0,8.0
63,10,10.0,10.0,10.0,10.0,10.0,10.0,10,10.0,10.0,9.0,10,10,10,10,10,10,7.0,9.0
64,10,10.0,10.0,10.0,10.0,10.0,10,10,10.0,9.0,8.0,10,10,10,10,10,10,8.0,8.0
65,10.0,10.0,10.0,10.0,10.0,10.0,10,10,10.0,7.0,6.0,10,10,10,10,10,10,5.0,7.0
66,10,10.0,10.0,10.0,10.0,9.0,10,10,10.0,6.0,8.0,10,10,10,10,10,10,6.0,9.0
67,10,10.0,10.0,10.0,10.0,10.0,10,10,10.0,5.0,7.0,10,10,10,10,10,10,8.0,9.0
68,10.0,10.0,10.0,10.0,10.0,10.0,10.0,10,10.0,4.0,6.0,10,10,10,10,10,10,9.0,9.0
69,9.0,10.0,10.0,10.0,10.0,10.0,10,10,10.0,3.0,6.0,10,10,10.0,10,10,10,8.0,8.0
70,10.0,10.0,10.0,10.0,10.0,10.0,10,10,10.0,10.0,8.0,10,10,10,10,10,10,9.0,9.0
71,10.0,10.0,10.0,10.0,10.0,10.0,10,10,10.0,9.0,7.0,10,10,10.0,10,10,10,9.0,7.0
72,10,10.0,10.0,10.0,10.0,10.0,10,10,10.0,10.0,10.0,10,10,10.0,10,10,10,8.0,7.0
73,10,10.0,10.0,10.0,10.0,10.0,10,10,10.0,10.0,10.0,10,10,10.0,10,10,10,8.0,8.0
74,10,10.0,10.0,10.0,10.0,10.0,10,10,10.0,8.0,7.0,10,10,9.0,10,10,10,6.0,7.0
75,10,10.0,10.0,10.0,10.0,10.0,10,10,10.0,10.0,7.0,10,10,10,10,10,10,9.0,7.0
76,10.0,10.0,10.0,10.0,10.0,10.0,10,10,10.0,9.0,8.0,10,10,10,10,10,10,9.0,9.0
77,10,10.0,10.0,10.0,10.0,10.0,10,10,10.0,10.0,9.0,10,10,10,10,10,10,6.0,8.0
78,10.0,10.0,10.0,10.0,10.0,10.0,10,10,9.0,8.0,9.0,10,10,10,10,10,10,3.0,8.0
79,10,10.0,10.0,10.0,10.0,9.0,10,10,10,10.0,10,10,10,10,10,10,10,7.0,10.0
80,10,10.0,10.0,10.0,10.0,10.0,10,10,10,10.0,10,10,10,10,10,10,10,9.0,8.0
81,10.0,10.0,10.0,10.0,10.0,10.0,10,10,9.0,7.0,10,10,10,10.0,10,10,10,7.0,9.0
82,9.0,10.0,10.0,10.0,10.0,9.0,10,10,10.0,10.0,10,10,10,10,10,10,10,10.0,10.0
83,10,10.0,10.0,10.0,10.0,10.0,10,10,8.0,10.0,10,10,10,10,10,10,10,10.0,9.0
84,10.0,10.0,10.0,10.0,10.0,10.0,10,10,10,10.0,10,10,10,10,10,10,10,8.0,8.0
85,9.0,10.0,10.0,10.0,10.0,10.0,10.0,10,10,7.0,10.0,10,10,10.0,10,10,10,8.0,8.0
86,10.0,10.0,10.0,10.0,10.0,10.0,10,10,10.0,10.0,10.0,10,10,10,10,10,10,8.0,7.0
87,10,9.0,10.0,10.0,10.0,10.0,10,10,10,10.0,10.0,10,10,10,10,10,10,8.0,10.0
88,10.0,10,10.0,10.0,10.0,10.0,10.0,10,10.0,10.0,10.0,10,10,10,10,10,10,10.0,9.0
89,10.0,10.0,10.0,10.0,10.0,10.0,9.0,10,10,10.0,9.0,10,10,10.0,10,10,10,10.0,9.0
90,10.0,10.0,10.0,10.0,10.0,10.0,10.0,10,10.0,10.0,9.0,10,10,9.0,10,10,10,7.0,8.0
91,10.0,10.0,10.0,10.0,10.0,10.0,10.0,10,10.0,3.0,9.0,10,10,10.0,10,10,10,6.0,10.0
92,10.0,10.0,10.0,10.0,10.0,10.0,10.0,10,8.0,4.0,10,10,10,10.0,10,10,10,4.0,9.0
93,10.0,10.0,10.0,10.0,10.0,10.0,10.0,10,8.0,4.0,10,10,10,10.0,10,10,10,5.0,10.0
94,10.0,10.0,10.0,10.0,10.0,8.0,9.0,10,10.0,3.0,10,10,10,10.0,10,10,10,4.0,8.0
95,10.0,10.0,10.0,10.0,10.0,10.0,10.0,10,10,6.0,10,10,10,10.0,10,10,10,2.0,9.0
96,10.0,10.0,10.0,10.0,10.0,10.0,10.0,10,10,10.0,10,10,10,10,10,10,10,1.0,9.0
97,10.0,10.0,10.0,10.0,10.0,10.0,10.0,10,10,10.0,10,10,10,10,10,10,10,1.0,8.0
98,10.0,10.0,10.0,10.0,10.0,10.0,10.0,10,10,8.0,10,10,10,10,10,10,10,1.0,9.0
99,10.0,10.0,10.0,10.0,10.0,10.0,10.0,10,10,9.0,10,10,10,10,10,10,10,3.0,9.0
100,10.0,10.0,10.0,10.0,10.0,10.0,10.0,10,10.0,10.0,10,10,10,10,10,10,10,6.0,10.0
101,10.0,10.0,10.0,10.0,10.0,10.0,10.0,10,10,10.0,10,10,10,10.0,10,10,10,8.0,10
102,10.0,10.0,10.0,10.0,10.0,10.0,10.0,10,10,9.0,10,10,10,10,10.0,10,10,2.0,10
103,10.0,10.0,10.0,10.0,10.0,10.0,10.0,10,10.0,10.0,10,10,10,10,10,10,10,6.0,10
104,10.0,10.0,10.0,10.0,10.0,10.0,10.0,10,10,10.0,10,10,10,10,10,10,10,8.0,10
105,10.0,10.0,10.0,10.0,10.0,10.0,10.0,10,10,10.0,10,10,10,10,10,10,10,6.0,10
106,10.0,10.0,10.0,10.0,10.0,10.0,10.0,10,10,10.0,10,10,10,10,10,10,10,6.0,10
107,10.0,10.0,10.0,10.0,10.0,10.0,10.0,10,10,7.0,10,10,10,10,10,10,10,5.0,10.0
108,10.0,10.0,10.0,10.0,10.0,10.0,10.0,10,10.0,5.0,10,10,10,10,9.0,10,10,4.0,8.0
109,10.0,10.0,10.0,10.0,10.0,10.0,10.0,10,10,7.0,10,10,10,10,10.0,10,10,4.0,7.0
110,10.0,10.0,10.0,10.0,10.0,9.0,9.0,10,10.0,3.0,10,10,10,10,10,10,10,5.0,8.0
111,10.0,10.0,10.0,10.0,10.0,10.0,10.0,10,9.0,10.0,10,10,10,10,10,10,10,5.0,9.0
112,10.0,10.0,10.0,10.0,10.0,10.0,10.0,10,10.0,5.0,9.0,10,10,10,9.0,10,10,4.0,10.0
113,10.0,10.0,10.0,10.0,10.0,10.0,10.0,10,10.0,4.0,10.0,10,10,10,10,10,10,5.0,10
114,10.0,10.0,10.0,10.0,10.0,10.0,10.0,10,10,5.0,8.0,10,10,10,10,10,10,7.0,10
115,9.0,10.0,10.0,10.0,10.0,10.0,10.0,10,10.0,1.0,9.0,10,10,10.0,10,10,10,5.0,10
116,10.0,10.0,10.0,10.0,10.0,10.0,9.0,10,10.0,5.0,10.0,10,10,10,10,10,10,5.0,10
117,9.0,10.0,10.0,10.0,10.0,10.0,10.0,10,10,10.0,10.0,10,10,10,10,10,10,4.0,10
118,10.0,10.0,10.0,10.0,10.0,10.0,10,10,10,10.0,10.0,10,10,10.0,10,10,10,7.0,10
119,9.0,10.0,10.0,10.0,10.0,10.0,10.0,10,10,10.0,10.0,10,10,9.0,10,10,10,7.0,9.0
120,10.0,10.0,10.0,10.0,10.0,8.0,10,10,10,10.0,10,10,10,10.0,10,10,10,6.0,9.0
121,10.0,10.0,10.0,10.0,10.0,10.0,10,10,10.0,3.0,10,10,10,8.0,10,10,10,8.0,8.0
122,10.0,10.0,10.0,10.0,10.0,10.0,10,10,10,10.0,10,10,10,10.0,10,10,10,10.0,10
123,10.0,10.0,10.0,10.0,10.0,10.0,10,10,10,5.0,10,10,10,9.0,10,10,10,7.0,10
124,9.0,10.0,10.0,10.0,10.0,10.0,10,10,9.0,4.0,10,10,10,10,10,10,10,6.0,10
125,10.0,10.0,10.0,10.0,10.0,8.0,10,10,10.0,3.0,10,10,10,10,10,10,10,7.0,10.0
126,10.0,10.0,10.0,10.0,10.0,10.0,10,10,10.0,4.0,10,10,10,10,10,10,10,8.0,10
127,10.0,10.0,10.0,10.0,10.0,9.0,10,10,10.0,10.0,10,10,10,10,10,10,10,7.0,10
128,9.0,10.0,10.0,10.0,10.0,10.0,10,10,10.0,10.0,10.0,10,10,10,10,10,10,6.0,10
129,10.0,10.0,10.0,10.0,10.0,10,10,10,10.0,9.0,10.0,10,10,10,10,10,10,8.0,10
130,10.0,10.0,10.0,10.0,10.0,8.0,10,10,9.0,10.0,10,10,10,10,10,10,10,10.0,10
131,10,10.0,10.0,10.0,10.0,10.0,10,10,10.0,7.0,10,10,10,10,10.0,10,10,10.0,10
132,10,10.0,10.0,10.0,10.0,10.0,10,10,10.0,3.0,10,10,10,10,10,10,10,8.0,10
133,10.0,10.0,10.0,10.0,10.0,10.0,10,10,10.0,5.0,10,10,10,10,10,10,10,8.0,10
134,10.0,10.0,10.0,10.0,10.0,10,10,10,10.0,9.0,10.0,10,10,10,10,10,10,7.0,10
135,10.0,10.0,10.0,10.0,10.0,10,10,10,10.0,9.0,10,10,10,10,10,10,10,9.0,10
136,10.0,10.0,10.0,10.0,10.0,10,10,10,10.0,6.0,10,10,10,10,10,10,10,8.0,10
137,10.0,10.0,10.0,10.0,10.0,9.0,10,10,10.0,2.0,10,10,10,10,10,10,10,9.0,10
138,10.0,10.0,10.0,10.0,10.0,10,10,10,10.0,4.0,10,10,10,10,10,10,10,10,10
139,10.0,10.0,10.0,10.0,10.0,8.0,10,10,9.0,2.0,10,10,10,10,10,10,10,10.0,9.0
140,10.0,10.0,10.0,10.0,10.0,10,10,10,10.0,5.0,10.0,10,10,10,10,10,10,9.0,10.0
141,10.0,10.0,10.0,10.0,10.0,10.0,10,10,10.0,5.0,8.0,10,10,10,10,10,10,8.0,10.0
142,10.0,10.0,10.0,10.0,10.0,10.0,10,10,10.0,10.0,10.0,10,10,10,10,10,10,10.0,10.0
143,9.0,10.0,10.0,10.0,10.0,10.0,10,10,10.0,10.0,10.0,10,10,10,10,10,10,10.0,10
144,10.0,10.0,10.0,10.0,10.0,10.0,10,10,10.0,10.0,10.0,10,10,10,10,10,10,10.0,10.0
145,10.0,10.0,10.0,10.0,10.0,9.0,10,10,9.0,10.0,10,10,10,10,10,10,10,10.0,9.0
146,10.0,10.0,10.0,10.0,10.0,10.0,10.0,10,10.0,10.0,10,10,10,10,10,10,10,10.0,10.0
147,10.0,10.0,10.0,10.0,10.0,10.0,10.0,10,10.0,10.0,10,10,10,10,10,10,10,10.0,10.0
148,10.0,10.0,10.0,10.0,10.0,10.0,10.0,10,10.0,10.0,10.0,10,10,10,10,10,10,10.0,10.0
149,9.0,10.0,10.0,10.0,10.0,10.0,9.0,10,10.0,10.0,10.0,10,10,10,10,10,10,7.0,7.0
150,10,10.0,10.0,10.0,10.0,10.0,10.0,10,10.0,10.0,10.0,10,10,10,10,10,10,9.0,7.0
151,10,10.0,10.0,10.0,10.0,10.0,10.0,10,10.0,10.0,8.0,10,10,10,10,10,10,6.0,7.0
152,10.0,10.0,10.0,10.0,10.0,10.0,9.0,10,9.0,7.0,8.0,10,10,10,10,10,10,4.0,8.0
153,10.0,10.0,10.0,10.0,10.0,10.0,10.0,10,10,9.0,8.0,10,10,10,10,10,10,5.0,10.0
154,10,10.0,10.0,10.0,10.0,10.0,10.0,10,10,10.0,9.0,10,10,10,10,10,10,8.0,9.0
155,10,10.0,10.0,10.0,10.0,10.0,10.0,10,9.0,6.0,10.0,10,10,10,10,10,10,6.0,8.0
156,10,10.0,10.0,10.0,10.0,10.0,10.0,10,10,7.0,10.0,10,10,10,10,10,10,6.0,8.0
157,10.0,10.0,10.0,10.0,10.0,10.0,10.0,10,10,10.0,10,10,10,10,10,10,10,9.0,8.0
158,10,10.0,10.0,10.0,10.0,9.0,10.0,10,10.0,5.0,10,10,10,10,10,10,10,5.0,7.0
159,10,10.0,10.0,10.0,10.0,10.0,10.0,10,10.0,8.0,10,10,10,10,10,10,10,5.0,8.0
160,10.0,10.0,10.0,10.0,10.0,10.0,10.0,10,10.0,9.0,10.0,10,10,10,10,10,10,7.0,9.0
161,10.0,10.0,10.0,10.0,10.0,10.0,10.0,10,10.0,5.0,10,10,10,10,10,10,10,9.0,10.0
162,10,10.0,10.0,10.0,10.0,10.0,10.0,10,9.0,10.0,9.0,10,10,10,10,10,10,8.0,10.0
163,10,10.0,10.0,10.0,10.0,10.0,10.0,10,9.0,10.0,10,10,10,10,10,10,10,10.0,10
164,10,10.0,10.0,10.0,10.0,10.0,10.0,10,10,10.0,10,10,10,10,10,10,10,10.0,10
165,10,10.0,10.0,10.0,10.0,10.0,10.0,10,10.0,10.0,10.0,10,10,10,10,10,10,10.0,10
166,10,10.0,10.0,10.0,10.0,10.0,10.0,10,10.0,10.0,10.0,10,10,10,10,10,10,10.0,10
167,10,10.0,10.0,10.0,10.0,10.0,10.0,10,10.0,10.0,10.0,10,10,10,10,10,10,10.0,10
168,10,10.0,10.0,10.0,10.0,10.0,10.0,10,10.0,10.0,10,10,10,10,10,10,10,10.0,10
169,10,10.0,10.0,10.0,10.0,10.0,10.0,10,10.0,10.0,10,10,10,10,10,10,10,10.0,10
170,10,10.0,10.0,10.0,10.0,10.0,10.0,10,9.0,10.0,10.0,10,10,10,10,10,10,10.0,10
171,10.0,10.0,10.0,10.0,10.0,10.0,10.0,10,10.0,10.0,10.0,10,10,10,10,10,10,10.0,10
172,10.0,10.0,10.0,10.0,10.0,10.0,10.0,10,10,10.0,10.0,10,10,10,10,10,10,10.0,10.0
173,10.0,10.0,10.0,10.0,10.0,10.0,10.0,10,10,10.0,10,10,10,10,10,10,10,10.0,9.0
174,9.0,10.0,10.0,10.0,10.0,10.0,10.0,10,10.0,10.0,10.0,10,10,10,10,10,10.0,6.0,8.0
175,10.0,10.0,10.0,10.0,10.0,10.0,9.0,10,10.0,10.0,10.0,10,10,10,10,10,10,5.0,9.0
176,10.0,10.0,10.0,10.0,10.0,10.0,10.0,10,10,10.0,10,10,10,10,10,10,10,5.0,10
177,10,10.0,10.0,10.0,10.0,10.0,10,10,10.0,10.0,10,10,10,10,10,10,10,10.0,10.0
178,10,10.0,10.0,10.0,10.0,10.0,10.0,10,10.0,10.0,10,10,10,10,10,10,10,8.0,7.0
179,10,10.0,10.0,10.0,10.0,10.0,10.0,10,10.0,10.0,10,10,10,10,10,10,10,10.0,10.0
180,10,10.0,10.0,10.0,10.0,10.0,10.0,10,10.0,10.0,10,10,10,10,10,10,10,10.0,8.0
181,10,10.0,10.0,10.0,10.0,10.0,10.0,10,10.0,9.0,10.0,10,10,10,10,10,10,3.0,10.0
182,10,10.0,10.0,10.0,10.0,10.0,10.0,10,8.0,10.0,9.0,10,10,10,10,10,10,9.0,9.0
183,10.0,10.0,10.0,10.0,10.0,10.0,9.0,10,10.0,10.0,10,10,10,10,10,10,10,10.0,9.0
184,10.0,10.0,10.0,10.0,10.0,10.0,10.0,10,8.0,10.0,10,10,10,10,10,10,10,10.0,9.0
185,10.0,10.0,10.0,10.0,10.0,10.0,10,10,10.0,9.0,8.0,10,10,10,10,10,10,6.0,10.0
186,10.0,10.0,10.0,10.0,10.0,10.0,10.0,10,10.0,10.0,9.0,10,10,10,10,10,10,6.0,10.0
187,10.0,10.0,10.0,10.0,10.0,9.0,10.0,10,10.0,9.0,10.0,10,10,10,10,10,10,5.0,10
188,10.0,10.0,10.0,10.0,10.0,10.0,10.0,10,10.0,10.0,10,10,10,10,10,10,10,7.0,10
189,10.0,10.0,10.0,10.0,10.0,8.0,10.0,10,8.0,10.0,10.0,10,10,10,10,10,10,8.0,10
190,10.0,10.0,10.0,10.0,10.0,10.0,10,10,10.0,6.0,10.0,10,10,10,10.0,10,10,8.0,10
191,10.0,10.0,10.0,10.0,10.0,10.0,10,10,10.0,8.0,9.0,10,10,10,10.0,10,10,8.0,10.0
192,10.0,10.0,10.0,10.0,10.0,10.0,10,10,10,10.0,10.0,10,10,10,10,10,10,8.0,10
193,10.0,10.0,10.0,10.0,10.0,10.0,10,10,10,10.0,10.0,10,10,10.0,10,10,10,9.0,10
194,9.0,10.0,10.0,10.0,10.0,10.0,10.0,10,10,10.0,8.0,10,10,10.0,10,10,10,8.0,10
195,10.0,10.0,10.0,10.0,10.0,10.0,10,10,10,10.0,10.0,10,10,10,10.0,10,10,10.0,10
196,10.0,10.0,10.0,10.0,10.0,10.0,10.0,10,10,10.0,10.0,10,10,10,10,10,10,9.0,10
197,10.0,10.0,10.0,10.0,10.0,10.0,10.0,10,10,10.0,10.0,10,10,10,10,10,10,10.0,10
198,10.0,10.0,10.0,10.0,10.0,10.0,10.0,10,10,10.0,10.0,10,10,10,10,10,10,10.0,10
199,9.0,10.0,10.0,10.0,10.0,10.0,10,10,10,10.0,10.0,10,10,10,10,10,10,10,10
200,10.0,10.0,10.0,10.0,10.0,10.0,10.0,10,10,10.0,10.0,10,10,10,10,10,10,10,10
201,10.0,10.0,10.0,10.0,10.0,10.0,9.0,10,10.0,10.0,10.0,10,10,10,10,10,10,10.0,10
202,10.0,10.0,10.0,10.0,10.0,10.0,10.0,10,9.0,10.0,10.0,10,10,10,10,10,10,10.0,10.0
203,10,10.0,10.0,10.0,10.0,10.0,10.0,10,10,10.0,10.0,10,10,10,10,10,10,10.0,10
204,10.0,10.0,10.0,10.0,10.0,10.0,10.0,10,10,9.0,9.0,10,10,10,10.0,10,10,10.0,9.0
205,10,10.0,10.0,10.0,10.0,10.0,10,10,10.0,10.0,10.0,10,10,10,10,10,10,10,9.0
206,9.0,10.0,10.0,10.0,10.0,10.0,10.0,10,10.0,9.0,9.0,10,10,10,10,10,10,10.0,10.0
207,10.0,10.0,10.0,10.0,10.0,10.0,10.0,10,10,10.0,9.0,10,10,10,10,10,10,9.0,10.0
208,10.0,10.0,10.0,10.0,10.0,10.0,10.0,10,10,10.0,10.0,10,10,10,10,10,10,10,10.0
209,10,10.0,10.0,10.0,10.0,10.0,10.0,10,10.0,10.0,10,10,10,10,10,10,10,10,10
210,10,10.0,10.0,10.0,10.0,10.0,9.0,10,10.0,10.0,10,10,10,10,10,10,10,10.0,10.0
211,10,10.0,10.0,10.0,10.0,10.0,10,10,10.0,10.0,10,10,10,10,10,10,10,10,10
212,10,10.0,10.0,10.0,10.0,10.0,10.0,10,10.0,10.0,10,10,10,10,10,10,10,9.0,10
213,10,10.0,10.0,10.0,10.0,10.0,10.0,10,9.0,10.0,10,10,10,10,10,10,10,10.0,9.0
214,10,10.0,10.0,10.0,10.0,10.0,10.0,10,10.0,10.0,10,10,10,10,10,10,10,10.0,10
215,10,10.0,10.0,10.0,10.0,10.0,9.0,10,10.0,10.0,10.0,10,10,10,10,10,10,10.0,10
216,10,10.0,10.0,10.0,10.0,10.0,10.0,10,10,10.0,9.0,10,10,10,10,10,10,10.0,10
217,10,10.0,10.0,10.0,10.0,10.0,9.0,10,10.0,10.0,10.0,10,10,10,10,10,10,10.0,10
218,10,10.0,10.0,10.0,10.0,10.0,10.0,10,10.0,10.0,10.0,10,10,10,10,10,10,10.0,10
219,10,10.0,10.0,10.0,10.0,10.0,10.0,10,10.0,10.0,10.0,10,10,10,10,10,10,9.0,10
220,10,10.0,10.0,10.0,10.0,10.0,10,10,10.0,10.0,10.0,10,10,10,10,10,10,5.0,10
221,10,10.0,10.0,10.0,10.0,10.0,10.0,10,8.0,7.0,8.0,10,10,10,10,10,10,10.0,10
222,10,10.0,10.0,10.0,10.0,10.0,10.0,10,10,10.0,9.0,10,10,10,10,10,10,10.0,10
223,10,10.0,10.0,10.0,10.0,10.0,10.0,10,10.0,10.0,10.0,10,10,10,10,10,10,10.0,10
224,10.0,10.0,10.0,10.0,10.0,10.0,10.0,10,10.0,10.0,10.0,10,10,10,10,10,10,8.0,10
225,10.0,10.0,10.0,10.0,10.0,10.0,10.0,10,10.0,10.0,10,10,10,10,10,10,10,10,10
226,10.0,10.0,10.0,10.0,10.0,10.0,10.0,10,8.0,10.0,10,10,10,10,10,10,10,10.0,10
227,10.0,10.0,10.0,10.0,10.0,10.0,10.0,10,10,10.0,10,10,10,10,10,10,10,10.0,10
228,10.0,10.0,10.0,10.0,10.0,10.0,10.0,10,10.0,10.0,10,10,10,10,10,10,10,10.0,10
229,9.0,8.0,10.0,10.0,10.0,10.0,10.0,10,10.0,10.0,10,10,10,10,10,10,10,10.0,10
230,10,10.0,10.0,10.0,10.0,10.0,10.0,10,10.0,10.0,10,10,10,10,10,10,10,10.0,10
231,10.0,10.0,10.0,10.0,10.0,10.0,10.0,10,10.0,10.0,10.0,10,10,10,10,10,10,7.0,10
232,10,10.0,10.0,10.0,10.0,10.0,10.0,10,10.0,10.0,8.0,10,10,10,10,10,10,10.0,10
233,10,10.0,10.0,10.0,10.0,10.0,9.0,10,10.0,10.0,10,10,10,10,10,10,10,10,10
234,10.0,10.0,10.0,10.0,10.0,10.0,10.0,10,10.0,10.0,10,10,10,10,10,10,10,10,10
235,9.0,10.0,10.0,10.0,10.0,10.0,10,10,10.0,10.0,8.0,10,10,10,10,10,10,6.0,10
236,10,10.0,10.0,10.0,10.0,10.0,10,10,10.0,10.0,9.0,10,10,10,10,10,10,9.0,10
237,8.0,10.0,10.0,10.0,10.0,10.0,10.0,10,9.0,10.0,10,10,10,10,10,10,10,10.0,10
238,10.0,10.0,10.0,10.0,10.0,10.0,10.0,10,10.0,10.0,10,10,10,10,10,10,10,10.0,10
239,10.0,10.0,10.0,10.0,10.0,10.0,10.0,10,10.0,10.0,10,10,10,10,10,10,10,10.0,10
240,10.0,10.0,10.0,10.0,10.0,10.0,10.0,10,10.0,10.0,10,10,10,10,10,10,10,10.0,10
241,10.0,10.0,10.0,10.0,10.0,10.0,10.0,10,10.0,10.0,10.0,10,10,10,10,10,10,10.0,10
242,10.0,10.0,10.0,10.0,10.0,7.0,10.0,10,10.0,10.0,10.0,10,10,10,10,10,10,10.0,10
243,10.0,10.0,10.0,10.0,10.0,10.0,10.0,10,10.0,10.0,10.0,10,10,10,10,10,10,10.0,10
244,10.0,10.0,10.0,10.0,10.0,10.0,10,10,10.0,10.0,10.0,10,10,10,10,10,10,10.0,10
245,10,10.0,10.0,10.0,10.0,9.0,10,10,10.0,10.0,10.0,10,10,10,10,10,10,10.0,10
246,10,10.0,10.0,10.0,10.0,10.0,10,10,10.0,10.0,8.0,10,10,10,10,10,10,10.0,10
247,10.0,10.0,10.0,10.0,10.0,10.0,10,10,10.0,10.0,10.0,10,10,10,10,10,10,10.0,10
248,9.0,10.0,10.0,10.0,10.0,10.0,10,10,10.0,10.0,10.0,10,10,10,10,10,10,9.0,10
249,10,10.0,10.0,10.0,10.0,10.0,10,10,10.0,10.0,10.0,10,10,10,10,10,10,10.0,10
250,10,10.0,10.0,10.0,10.0,10.0,10.0,10,10.0,10.0,10.0,10,10,10,10,10,10,10.0,10
251,10,10.0,10.0,10.0,10.0,10.0,10.0,10,10.0,10.0,10.0,10,10,10,10,10,10,10.0,10
252,10.0,10.0,10.0,10.0,10.0,10.0,10.0,10,10.0,10.0,10,10,10,10,10,10,10,9.0,10
253,10.0,10.0,10.0,10.0,10.0,10.0,10.0,10,10.0,10.0,9.0,10,10,10,10,10,10,7.0,10
254,10,10.0,10.0,10.0,10.0,10.0,10,10,10.0,10.0,10.0,10,10,10,10,10,10,10.0,10
255,10,10.0,10.0,10.0,10.0,10.0,10,10,10.0,10.0,9.0,10,10,10,10,10,10,10.0,10
256,10,10.0,10.0,10.0,10.0,8.0,10,10,10.0,10.0,10.0,10,10,10,10,10,10,10.0,10
257,10,10.0,10.0,10.0,10.0,10.0,10,10,10.0,10.0,10,10,10,10,10,10,10,10.0,10
258,10,10.0,10.0,10.0,10.0,10.0,10,10,8.0,10.0,10.0,10,10,10,10,10,10,10.0,10
259,10,10.0,10.0,10.0,10.0,9.0,10,10,10.0,10.0,10.0,10,10,10,10,10,10,10.0,10
260,10,10.0,10.0,10.0,10.0,10.0,10,10,10.0,10.0,10.0,10,10,10,10,10,10,10.0,10
261,10,10.0,10.0,10.0,10.0,10.0,10,10,9.0,10.0,10.0,10,10,10,10,10,10,10.0,10
262,10.0,10.0,10.0,10.0,10.0,10.0,10,10,10.0,10.0,10.0,10,10,10,10,10,10,8.0,10
263,10.0,10.0,10.0,10.0,10.0,9.0,10,10,10.0,10.0,10.0,10,10,10,10,10,10,10.0,10
264,10.0,10.0,10.0,10.0,10.0,10.0,10,10,10.0,10.0,10.0,10,10,10,10.0,10,10,10.0,10
265,9.0,10.0,10.0,10.0,10.0,10.0,10,10,10.0,10.0,10.0,10,10,10,10.0,10,10,10.0,10
266,10.0,10.0,10.0,10.0,10.0,10.0,10,10,10.0,10.0,10.0,10,10,10,10,10,10,10.0,10
267,10.0,10.0,10.0,10.0,10.0,10.0,10.0,10,9.0,10.0,9.0,10,10,10,10,10,10,10.0,10
268,10.0,10.0,10.0,10.0,10.0,10.0,10.0,10,10,10.0,10.0,10,10,10,10,10,10,10.0,10
269,10,10.0,10.0,10.0,10.0,10.0,10,10,10.0,10.0,10,10,10,10,10,10,10,10.0,10
270,10,10.0,10.0,10.0,10.0,8.0,10,10,10.0,10.0,10,10,10,10,10,10,10,10.0,10
271,10,10.0,10.0,10.0,10.0,10.0,10,10,10.0,10.0,10,10,10,10,10,10,10,10.0,10
272,10.0,10.0,10.0,10.0,10.0,10.0,10,10,10.0,10.0,9.0,10,10,10,10,10,10,10.0,10
273,10.0,10.0,10.0,10.0,10.0,10.0,10,10,10.0,10.0,10,10,10,10,10,10,10,10.0,10
274,8.0,10.0,10.0,10.0,10.0,10.0,10.0,10,9.0,10.0,10.0,10,10,10,10,10,10,10.0,10
275,10.0,10.0,10.0,10.0,10.0,10.0,10.0,10,10.0,10.0,10,10,10,10.0,10,10,10,5.0,10
276,10.0,10.0,10.0,10.0,10.0,10.0,10.0,10,9.0,4.0,10.0,10,10,10,10,10,10,5.0,10
277,9.0,10.0,10.0,10.0,10.0,10.0,10.0,10,8.0,10.0,10,10,10,10,10,10,10,10,10
278,10.0,10.0,10.0,10.0,10.0,10.0,10.0,10,10.0,10.0,10,10,10,10,10,10,10,10.0,10
279,10.0,10.0,10.0,10.0,10.0,10.0,10.0,10,10,10.0,10,10,10,10,10,10,10,10.0,10
280,10.0,10.0,10.0,10.0,10.0,10.0,10.0,10,10,10.0,10,10,10,10,10,10,10,10.0,10
281,10.0,10.0,10.0,10.0,10.0,10.0,9.0,10,10,10.0,10,10,10,10,10,10,10,10.0,10
282,9.0,10.0,10.0,10.0,10.0,10.0,10,10,10.0,10.0,10,10,10,10,10,10,10,10.0,10
283,10,10.0,10.0,10.0,10.0,10.0,10,10,10.0,10.0,10.0,10,10,10,10,10,10,10.0,10
284,10,10.0,10.0,10.0,10.0,10.0,10,10,9.0,10.0,10,10,10,10,10,10,10,10.0,10
285,10.0,10.0,10.0,10.0,10.0,10.0,10.0,10,10.0,10.0,10.0,10,10,10,10,10,10,10.0,10
286,10.0,10.0,10.0,10.0,10.0,10.0,10.0,10,10.0,10.0,10.0,10,10,10,10,10,10,10.0,10
287,10.0,10.0,10.0,10.0,10.0,10.0,10.0,10,10.0,10.0,8.0,10,10,10,10,10,10,10.0,10
288,10.0,10.0,10.0,10.0,10.0,10.0,10.0,10,10.0,10.0,10,10,10,10,10,10,10,10.0,10
289,10.0,10.0,10.0,10.0,10.0,10.0,10,10,10.0,10.0,10.0,10,10,10,10,10,10,10.0,10
290,10.0,10.0,10.0,10.0,10.0,10.0,10,10,9.0,10.0,10.0,10,10,10,10,10,10,10.0,10
291,10.0,10.0,10.0,10.0,10.0,10.0,10.0,10,10,10.0,10,10,10,10,10,10,10,10.0,10
292,10.0,10.0,10.0,10.0,10.0,10.0,10,10,10.0,10.0,10,10,10,10,10,10,10,10.0,10
293,8.0,10.0,10.0,10.0,10.0,10.0,10.0,10,10.0,10.0,10.0,10,10,10,10,10,10,6.0,10
294,10.0,10.0,10.0,10.0,10.0,10.0,10.0,10,10.0,10.0,10.0,10,10,10,10,10,10,10.0,10
295,10,10.0,10.0,10.0,10.0,10.0,9.0,10,10.0,10.0,10.0,10,10,10,10,10,10,10.0,10
296,10,10.0,10.0,10.0,10.0,10.0,10.0,10,10.0,10.0,10,10,10,10,10,10,10,10.0,10
297,10.0,10.0,10.0,10.0,10.0,10.0,10.0,10,8.0,10.0,10.0,10,10,10,10,10,10,10.0,10
298,10,10.0,10.0,10.0,10.0,10.0,10,10,10.0,10.0,10.0,10,10,10,10,10,10,9.0,10
299,9.0,10.0,10.0,10.0,10.0,10.0,10,10,10.0,10.0,10,10,10,10,10,10,10,10.0,10
300,10.0,10.0,10.0,10.0,10.0,10.0,10,10,10.0,10.0,10,10,10,9.0,10,10,10,10.0,10
301,10.0,10.0,10.0,10.0,10.0,10.0,10,10,10.0,10.0,9.0,10,10,10,10,10,10,10.0,10
302,10.0,10.0,10.0,10.0,10.0,10.0,10,10,8.0,10.0,10,10,10,10,10,10,10,10.0,10
303,10.0,10.0,10.0,10.0,10.0,10.0,10,10,10.0,10.0,10,10,10,10,10,10,10,10.0,10
304,10.0,10.0,10.0,10.0,10.0,10.0,10.0,10,10.0,10.0,10.0,10,10,10,10,10,10,10.0,10
305,10.0,10.0,10.0,10.0,10.0,10.0,10,10,8.0,10.0,9.0,10,10,10,10,10,10,10.0,10
306,9.0,10.0,10.0,10.0,10.0,10.0,10,10,10.0,10.0,10,10,10,10,10,10,10,10.0,10
307,10.0,10.0,10.0,10.0,10.0,9.0,10,10,10.0,10.0,10,10,10,10,10,10,10,10.0,10
308,10,10.0,10.0,10.0,10.0,10.0,10,10,10.0,10.0,10,10,10,10,10,10,10,10.0,10
309,10.0,10.0,10.0,10.0,10.0,10.0,10,10,10.0,10.0,10.0,10,10,10,10,10,10,10.0,10
310,10.0,10.0,10.0,10.0,10.0,10.0,10,10,10.0,10.0,10.0,10,10,10,10,10,10,10.0,10
311,10.0,10.0,10.0,10.0,10.0,10.0,10,10,10.0,10.0,10.0,10,10,10,10,10,10,8.0,10
312,10.0,10.0,10.0,10.0,10.0,10.0,10,10,10.0,10.0,9.0,10,10,10,10,10,10,10.0,10
313,10.0,10.0,10.0,10.0,10.0,8.0,10,10,9.0,10.0,10.0,10,10,10,10,10,10,10.0,10
314,9.0,10.0,10.0,10.0,10.0,10.0,10,10,10,10.0,9.0,10,10,10,10,10,10,10.0,10
315,10.0,10.0,10.0,10.0,10.0,10,10,10,10.0,10.0,10.0,10,10,10,10,10,10,10.0,10
316,10.0,10.0,10.0,10.0,10.0,10.0,10,10,10,10.0,10,10,10,10,10,10,10,10.0,10
317,10,10.0,10.0,10.0,10.0,9.0,10,10,10.0,10.0,10,10,10,10,10,10,10,10.0,10
318,10,10.0,10.0,10.0,10.0,10,10,10,10.0,10.0,10,10,10,10,10,10,10,10.0,10
319,10,10.0,10.0,10.0,10.0,10.0,10,10,10.0,10.0,10,10,10,10,10,10,10,7.0,10
320,10,10.0,10.0,10.0,10.0,10.0,10,10,10.0,10.0,10,10,10,10,10,10,10,6.0,10
321,10,10.0,10.0,10.0,10.0,10.0,10,10,10.0,10.0,10,10,10,10,10,10,10,10.0,10
322,10,10.0,10.0,10.0,10.0,10.0,10,10,10.0,10.0,10.0,10,10,10,10,10,10,10.0,10
323,10.0,10.0,10.0,10.0,10.0,10.0,10,10,10.0,10.0,10,10,10,10,10,10,10,10.0,10
324,9.0,10.0,10.0,10.0,10.0,10.0,10,10,9.0,10.0,10,10,10,10,10,10,10,10.0,10
325,10.0,10.0,10.0,10.0,10.0,10.0,10.0,10,10.0,10.0,10,10,10,10,10,10,10,8.0,10
326,10.0,10.0,10.0,10.0,10.0,10.0,9.0,10,10,10.0,10,10,10,10,10,10,10,10.0,10
327,10,10.0,10.0,10.0,10.0,10.0,10.0,10,10,10.0,10.0,10,10,10,10,10,10,10.0,10
328,10,10.0,10.0,10.0,10.0,10.0,9.0,10,10.0,10.0,10,10,10,10,10,10,10,10.0,10
329,10.0,10.0,10.0,10.0,10.0,10.0,10.0,10,8.0,10.0,10,10,10,10,10,10,10,10.0,10
330,10,10.0,10.0,10.0,10.0,10.0,10.0,10,10.0,10.0,10.0,10,10,10,10,10,10,10.0,10
331,10,10.0,10.0,10.0,10.0,10.0,10,10,10.0,10.0,9.0,10,10,10,10,10,10,10.0,10.0
332,10,10.0,10.0,10.0,10.0,10.0,9.0,10,10.0,10.0,10,10,10,10,10,10,10,10.0,10.0
333,10,10.0,10.0,10.0,10.0,10.0,10,10,9.0,10.0,10,10,10,10,10,10,10,9.0,10
334,10,10.0,10.0,10.0,10.0,10.0,10,10,10.0,10.0,10.0,10,10,10,10,10,10,9.0,10
335,9.0,10.0,10.0,10.0,10.0,10.0,10.0,10,10.0,10.0,9.0,10,10,10,10,10,10,10.0,10
336,10.0,10.0,10.0,10.0,10.0,10.0,10,10,9.0,10.0,10,10,10,10,10,10,10,10.0,10
337,10.0,10.0,10.0,10.0,10.0,10.0,10.0,10,10.0,10.0,10.0,10,10,10,10,10,10,10.0,10
338,8.0,10.0,10.0,10.0,10.0,10.0,10,10,10.0,10.0,10,10,10,10,10,10,10,10.0,10
339,10.0,10.0,10.0,10.0,10.0,10.0,10.0,10,10.0,10.0,10,10,10,10,10,10,10,10.0,10
340,10.0,10.0,10.0,10.0,10.0,10.0,10.0,10,10.0,10.0,10.0,10,10,10,10,10.0,10,7.0,10
341,10,10.0,10.0,10.0,10.0,10.0,10,10,10.0,10.0,10.0,10,10,10,10,7.0,10,4.0,10
342,10.0,10.0,10.0,10.0,10.0,10.0,10,10,10.0,10.0,10.0,10,10,10,10,7.0,6.0,4.0,10
343,9.0,10.0,10.0,10.0,10.0,10.0,10.0,10,10.0,9.0,6.0,10,10,10,10,0.0,0.0,3.0,3.0
344,10.0,10.0,10.0,10.0,10.0,10.0,10,10,10.0,10.0,10.0,10,10,10,10,3.0,0.0,4.0,0.0
345,9.0,10.0,10.0,10.0,10.0,10.0,10,10,9.0,10.0,10.0,10,10,10,10,4.0,0.0,6.0,0.0
346,10.0,10.0,10.0,10.0,10.0,10.0,10,10,10.0,10.0,9.0,10,10,10,10,2.0,0.0,5.0,0.0
347,10.0,10.0,10.0,10.0,10.0,10.0,10.0,10,10,10.0,9.0,10,10,10,10,5.0,0.0,1.0,0.0
348,10.0,10.0,10.0,10.0,10.0,10.0,10,10,10.0,10.0,10.0,10,10,10,10,1.0,0.0,0.0,0.0
349,10.0,9.0,10.0,10.0,10.0,10.0,10,10,10.0,10.0,10,10,10,10,10,7.0,0.0,0.0,0.0
350,10.0,10.0,10.0,10.0,10.0,10.0,10,10,10.0,10.0,10,10,10,10,10,10.0,3.0,0.0,0.0
351,10.0,10.0,10.0,10.0,10.0,10.0,10,10,10.0,10.0,10,10,10,10,10,10.0,1.0,0.0,0.0
352,10.0,10,10.0,10.0,10.0,10.0,10,10,10.0,10.0,10,10,10,10,10,9.0,0.0,0.0,0.0
353,10.0,10,10.0,10.0,10.0,8.0,10,10,10.0,10.0,10,10,10,10,10,9.0,0.0,0.0,0.0
354,10.0,10,10.0,10.0,10.0,10.0,10,10,10.0,10.0,10,10,10,10,10.0,6.0,0.0,0.0,0.0
355,10.0,10,10.0,10.0,10.0,10.0,10,10,10.0,10.0,10,10,10,10,6.0,0.0,0.0,0.0,0.0
356,10.0,10.0,10.0,10.0,10.0,10.0,10,10,10.0,6.0,9.0,10,10,10,0.0,0.0,0.0,0.0,0.0
357,10.0,10.0,10.0,10.0,10.0,10.0,10,10,9.0,7.0,9.0,10,10,10,0.0,0.0,0.0,0.0,0.0
358,10.0,10.0,10.0,10.0,10.0,10.0,10,10,8.0,6.0,9.0,10,10,10,0.0,0.0,0.0,0.0,0.0
359,10.0,10.0,10.0,10.0,10.0,10.0,10,10,10.0,4.0,10.0,10,10,10,0.0,0.0,0.0,0.0,0.0
360,10.0,10.0,10.0,10.0,10.0,9.0,10,10,10.0,6.0,8.0,10,10,10,0.0,0.0,0.0,0.0,0.0
361,10.0,10.0,10.0,10.0,10.0,10.0,10,10,10.0,9.0,10.0,10,10,10,1.0,0.0,0.0,0.0,0.0
362,10.0,10.0,10.0,10.0,10.0,10.0,10,10,10.0,10.0,10,10,10,10,0.0,0.0,0.0,0.0,0.0
363,10.0,10.0,10.0,10.0,10.0,8.0,10,10,10.0,8.0,10,10,10,10,2.0,0.0,0.0,0.0,0.0
364,10.0,10.0,10.0,10.0,10.0,10.0,10,10,10.0,10.0,10,10,10,10,4.0,0.0,0.0,0.0,0.0
365,10.0,10.0,10.0,10.0,10.0,10.0,10,10,10.0,10.0,10,10,10,10,6.0,0.0,0.0,0.0,0.0
366,10.0,10.0,10.0,10.0,10.0,10.0,10,10,9.0,6.0,10,10,10,10,0.0,0.0,0.0,0.0,0.0
367,10.0,10.0,10.0,10.0,10.0,10.0,10,10,8.0,8.0,10,10,10,10,0.0,0.0,0.0,0.0,0.0
368,10.0,10.0,10.0,10.0,10.0,10.0,10,10,10.0,7.0,10,10,10,10,0.0,0.0,0.0,0.0,0.0
369,10.0,10.0,10.0,10.0,10.0,10.0,10,10,10.0,10.0,10,10,10,10,0.0,0.0,0.0,0.0,0.0
370,10.0,10.0,10.0,10.0,10.0,10.0,10,10,10.0,10.0,10,10,10,10,0.0,0.0,0.0,0.0,0.0
371,10.0,10.0,10.0,10.0,10.0,9.0,10,10,9.0,6.0,10,10,10,10,0.0,0.0,0.0,0.0,0.0
372,10.0,10.0,10.0,10.0,10.0,10.0,10,10,10.0,6.0,10,10,10,10,0.0,0.0,0.0,0.0,0.0
373,10.0,10.0,10.0,10.0,10.0,10.0,10,10,9.0,7.0,10,10,10,10,0.0,0.0,0.0,0.0,0.0
374,10.0,10.0,10.0,10.0,10.0,10.0,10.0,10,10.0,7.0,10,10,10,10,0.0,0.0,0.0,0.0,0.0
375,10.0,10.0,10.0,10.0,10.0,10.0,10.0,10,10.0,7.0,10,10,10,10,0.0,0.0,0.0,0.0,0.0
376,10.0,10.0,10.0,10.0,10.0,10.0,10.0,10,10.0,10.0,10,10,10,10,3.0,0.0,0.0,0.0,0.0
377,10.0,10.0,10.0,10.0,10.0,10.0,10.0,10,8.0,10.0,10,10,10,10,3.0,0.0,0.0,0.0,0.0
378,10.0,10.0,10.0,10.0,10.0,10.0,10,10,10.0,9.0,10,10,10,10,0.0,0.0,0.0,0.0,0.0
379,10.0,10.0,10.0,10.0,10.0,9.0,10.0,10,10,10.0,10,10,10,10,1.0,0.0,0.0,0.0,0.0
380,10.0,10.0,10.0,10.0,10.0,10.0,10,10,10.0,6.0,10,10,10,10,0.0,0.0,0.0,0.0,0.0
381,9.0,10.0,10.0,10.0,10.0,9.0,10,10,10.0,4.0,10,10,10,10,0.0,0.0,0.0,0.0,0.0
382,10.0,10.0,10.0,10.0,10.0,10.0,10,10,10,5.0,10,10,10,8.0,0.0,0.0,0.0,0.0,0.0
383,10.0,10.0,10.0,10.0,10.0,8.0,10,10,10.0,4.0,10,10,10,0.0,0.0,0.0,0.0,0.0,0.0
384,10.0,10.0,10.0,9.0,1.0,9.0,10,10,9.0,4.0,10,10,10,0.0,0.0,0.0,0.0,0.0,0.0
385,10.0,9.0,10.0,10.0,0.0,9.0,10,10,10.0,4.0,10,10,0.0,0.0,0.0,0.0,0.0,0.0,0.0
386,10.0,10.0,10.0,8.0,2.0,10.0,10,10,10.0,3.0,10,10,0.0,0.0,0.0,0.0,0.0,0.0,0.0
387,9.0,10.0,10.0,10.0,3.0,9.0,10,10,9.0,3.0,10,10,0.0,0.0,0.0,0.0,0.0,0.0,0.0
388,10.0,10.0,10.0,2.0,2.0,9.0,10,10,9.0,3.0,10.0,10,0.0,0.0,0.0,0.0,0.0,0.0,0.0
389,10.0,10.0,10.0,2.0,1.0,8.0,10.0,10,9.0,5.0,9.0,10,0.0,0.0,0.0,0.0,0.0,0.0,0.0
390,10.0,9.0,10.0,5.0,0.0,9.0,10,10,10,4.0,10,10,0.0,0.0,0.0,0.0,0.0,0.0,0.0
391,10.0,10,10.0,6.0,0.0,8.0,10,10,10,4.0,10.0,10,0.0,0.0,0.0,0.0,0.0,0.0,0.0
392,9.0,10.0,10.0,1.0,0.0,8.0,10,10,10.0,3.0,10.0,10,0.0,0.0,0.0,0.0,0.0,0.0,0.0
393,10,10.0,10.0,0.0,0.0,7.0,10.0,10,10.0,5.0,9.0,10,0.0,0.0,0.0,0.0,0.0,0.0,0.0
394,10.0,10.0,2.0,0.0,0.0,8.0,10.0,10,10,4.0,10.0,10,0.0,0.0,0.0,0.0,0.0,0.0,0.0
395,10.0,10.0,6.0,0.0,0.0,8.0,10.0,10,10,4.0,10,10,0.0,0.0,0.0,0.0,0.0,0.0,0.0
396,10.0,10.0,3.0,0.0,0.0,7.0,10.0,10,10.0,5.0,10,10,0.0,0.0,0.0,0.0,0.0,0.0,0.0
397,10,10.0,9.0,0.0,0.0,2.0,10.0,10,8.0,5.0,10,10,0.0,0.0,0.0,0.0,0.0,0.0,0.0
398,10.0,10.0,5.0,0.0,0.0,0.0,9.0,10,10.0,4.0,10,10,0.0,0.0,0.0,0.0,0.0,0.0,0.0
399,10,10.0,3.0,0.0,0.0,0.0,10.0,10,9.0,4.0,10.0,10,0.0,0.0,0.0,0.0,0.0,0.0,0.0
400,10.0,10.0,5.0,0.0,0.0,0.0,1.0,10,9.0,2.0,10,10,0.0,0.0,0.0,0.0,0.0,0.0,0.0
401,10.0,10.0,5.0,0.0,0.0,0.0,0.0,10,7.0,4.0,10,10,0.0,0.0,0.0,0.0,0.0,0.0,0.0
402,10,10.0,9.0,0.0,0.0,0.0,0.0,10,7.0,3.0,10,10,0.0,0.0,0.0,0.0,0.0,0.0,0.0
403,10,10.0,5.0,0.0,0.0,0.0,0.0,10,7.0,5.0,10,10,0.0,0.0,0.0,0.0,0.0,0.0,0.0
404,10.0,10.0,3.0,0.0,0.0,0.0,0.0,10,7.0,4.0,10,10,0.0,0.0,0.0,0.0,0.0,0.0,0.0
405,10,10.0,7.0,0.0,0.0,0.0,0.0,10,7.0,5.0,10,10,0.0,0.0,0.0,0.0,0.0,0.0,0.0
406,10.0,10.0,5.0,0.0,0.0,0.0,0.0,10,8.0,3.0,10,10,0.0,0.0,0.0,0.0,0.0,0.0,0.0
407,10.0,9.0,0.0,0.0,0.0,0.0,0.0,10,8.0,3.0,10,10,0.0,0.0,0.0,0.0,0.0,0.0,0.0
408,10.0,7.0,0.0,0.0,0.0,0.0,0.0,10,8.0,2.0,10,10,0.0,0.0,0.0,0.0,0.0,0.0,0.0
409,10.0,5.0,0.0,0.0,0.0,0.0,0.0,10,8.0,2.0,10,10,0.0,0.0,0.0,0.0,0.0,0.0,0.0
410,10.0,7.0,0.0,0.0,0.0,0.0,0.0,10,8.0,2.0,10,10,0.0,0.0,0.0,0.0,0.0,0.0,0.0
411,10.0,9.0,0.0,0.0,0.0,0.0,0.0,10,10.0,2.0,10,10,0.0,0.0,0.0,0.0,0.0,0.0,0.0
412,10.0,10.0,0.0,0.0,0.0,0.0,0.0,10,10.0,4.0,10,10,0.0,0.0,0.0,0.0,0.0,0.0,0.0
413,10.0,10.0,1.0,0.0,0.0,0.0,0.0,10,10,4.0,10,10,0.0,0.0,0.0,0.0,0.0,0.0,0.0
414,10.0,7.0,0.0,0.0,0.0,0.0,0.0,10,10,4.0,10.0,10,0.0,0.0,0.0,0.0,0.0,0.0,0.0
415,10.0,8.0,0.0,0.0,0.0,0.0,0.0,10,10,6.0,9.0,10,0.0,0.0,0.0,0.0,0.0,0.0,0.0
416,10.0,8.0,0.0,0.0,0.0,0.0,0.0,10,10,6.0,9.0,10,0.0,0.0,0.0,0.0,0.0,0.0,0.0
417,10.0,4.0,0.0,0.0,0.0,0.0,0.0,10,10,4.0,10.0,10.0,0.0,0.0,0.0,0.0,0.0,0.0,0.0
418,10.0,4.0,0.0,0.0,0.0,0.0,0.0,10,10,3.0,10,0.0,0.0,0.0,0.0,0.0,0.0,0.0,0.0
419,10.0,1.0,0.0,0.0,0.0,0.0,0.0,10,10,3.0,10,0.0,0.0,0.0,0.0,0.0,0.0,0.0,0.0
420,10.0,0.0,0.0,0.0,0.0,0.0,0.0,10,10,5.0,10,0.0,0.0,0.0,0.0,0.0,0.0,0.0,0.0
421,10.0,2.0,0.0,0.0,0.0,0.0,0.0,10,10,6.0,10,0.0,0.0,0.0,0.0,0.0,0.0,0.0,0.0
422,9.0,0.0,0.0,0.0,0.0,0.0,0.0,10,10,5.0,10,0.0,0.0,0.0,0.0,0.0,0.0,0.0,0.0
423,7.0,0.0,0.0,0.0,0.0,0.0,0.0,10,10.0,5.0,10,0.0,0.0,0.0,0.0,0.0,0.0,0.0,0.0
424,5.0,0.0,0.0,0.0,0.0,0.0,0.0,10,10.0,4.0,10.0,0.0,0.0,0.0,0.0,0.0,0.0,0.0,0.0
425,4.0,0.0,0.0,0.0,0.0,0.0,0.0,10,5.0,4.0,9.0,0.0,0.0,0.0,0.0,0.0,0.0,0.0,0.0
426,5.0,0.0,0.0,0.0,0.0,0.0,0.0,10,0.0,3.0,10,0.0,0.0,0.0,0.0,0.0,0.0,0.0,0.0
427,3.0,0.0,0.0,0.0,0.0,0.0,0.0,10,0.0,4.0,10,0.0,0.0,0.0,0.0,0.0,0.0,0.0,0.0
428,0.0,0.0,0.0,0.0,0.0,0.0,0.0,0.0,0.0,4.0,0.0,0.0,0.0,0.0,0.0,0.0,0.0,0.0,0.0
429,0.0,0.0,0.0,0.0,0.0,0.0,0.0,0.0,0.0,5.0,0.0,0.0,0.0,0.0,0.0,0.0,0.0,0.0,0.0
